<?xml version="1.0" encoding="UTF-8"?>
<!DOCTYPE hibernate-configuration PUBLIC
"-//Hibernate/Hibernate Configuration DTD//EN"
"http://hibernate.sourceforge.net/hibernate-configuration-3.0.dtd">

<hibernate-configuration>
<session-factory>
      <property name="hibernate.connection.driver_class">com.mysql.jdbc.Driver</property>
      <property name="hibernate.connection.url">jdbc:mysql://localhost:3306/eventdb</property>
      <property name="hibernate.connection.username">root</property>
      <property name="hibernate.connection.password">vignesh</property>
      <property name="hibernate.connection.pool_size">10</property>
      <property name="show_sql">true</property>
      <property name="dialect">org.hibernate.dialect.MySQLDialect</property>
      <property name="hibernate.jdbc.batch_size">
      20
   </property>
      
      <property name="hibernate.hbm2ddl.auto">update</property>
      <!-- Mapping files -->
      <mapping class="com.cts.entities.Location"/>
        <mapping class="com.cts.entities.Event"/>
        <mapping class="com.cts.entities.Customer"/>
         <mapping class="com.cts.entities.NewCustomer"/>
          <mapping class="com.cts.entities.ExistingCustomer"/>
           <mapping class="com.cts.entities.Booking"/>
           
</session-factory>
</hibernate-configuration>